요일,제목,작가,평점,이미지,링크
월,만남어플 중독,루즌아,9.84,https://image-comic.pstatic.net/webtoon/818528/thumbnail/titledescimage/objectImage_52163270-ea97-47d6-bf87-35db4dc7965f.png,https://comic.naver.com/webtoon/list?titleId=839004&tab=mon
월,참교육,채용택 / 한가람,9.89,https://image-comic.pstatic.net/webtoon/818528/thumbnail/titledescimage/frontImage_e7905803-fe78-461a-a836-6b812d4754a3.png,https://comic.naver.com/webtoon/list?titleId=758037&tab=mon
월,환생천마,JP / 부겸 / 장영훈,9.95,https://image-comic.pstatic.net/webtoon/817365/thumbnail/titledescimage/objectImage_07b5a22c-e3e7-452c-b689-915640dbacd4.png,https://comic.naver.com/webtoon/list?titleId=822657&tab=mon
월,왕과의 야행,보리,9.98,https://image-comic.pstatic.net/webtoon/817365/thumbnail/titledescimage/backImage_75fc629c-c38a-49fb-b127-8c044309f102.png,https://comic.naver.com/webtoon/list?titleId=817859&tab=mon
월,마음의소리(였던 것),조석,9.95,https://image-comic.pstatic.net/webtoon/817365/thumbnail/titledescimage/frontImage_02a8a7d6-857e-4ec8-bb13-99183ad8094a.png,https://comic.naver.com/webtoon/list?titleId=821793&tab=mon
월,절대검감,김두루미 / 티아이 / 한중월야,9.95,https://image-comic.pstatic.net/webtoon/839004/thumbnail/thumbnail_IMAG21_258e9101-6b52-49a2-bcaa-6f90f540624f.jpg,https://comic.naver.com/webtoon/list?titleId=796075&tab=mon
월,백수세끼,치즈,9.86,https://image-comic.pstatic.net/webtoon/758037/thumbnail/thumbnail_IMAG21_bbe528c8-7b30-4ea9-b06f-22122ce7d180.jpg,https://comic.naver.com/webtoon/list?titleId=733074&tab=mon
월,시한부 천재가 살아남는 법,JP / 윤승기 / 청시소,9.90,https://image-comic.pstatic.net/webtoon/822657/thumbnail/thumbnail_IMAG21_99e49512-e05d-48c3-846d-d898f78523df.jpg,https://comic.naver.com/webtoon/list?titleId=832703&tab=mon
월,똑 닮은 딸,이담,9.98,https://image-comic.pstatic.net/webtoon/817859/thumbnail/thumbnail_IMAG21_7479316a-1fca-40d6-9d8e-455f8b2fb0db.jpg,https://comic.naver.com/webtoon/list?titleId=774866&tab=mon
월,소녀의 세계,모랑지,9.92,https://image-comic.pstatic.net/webtoon/821793/thumbnail/thumbnail_IMAG21_c5c798a7-dadf-487b-9bea-485928755332.jpg,https://comic.naver.com/webtoon/list?titleId=654774&tab=mon
화,괴력 난신,매드버드 / 김태형 / 한중월야,9.95,https://image-comic.pstatic.net/webtoon/833416/thumbnail/titledescimage/objectImage_dcfa22f5-8383-4c68-8eff-5f7d7103ef3b.png,https://comic.naver.com/webtoon/list?titleId=821597&tab=tue
화,오! 나의 교주님,"김꿀빨, 김완두",8.85,https://image-comic.pstatic.net/webtoon/833416/thumbnail/titledescimage/backImage_7e43b329-4cce-4292-96d0-ada9ecc7600e.png,https://comic.naver.com/webtoon/list?titleId=841624&tab=tue
화,절대회귀,JP / 박진환 / 장영훈,9.96,https://image-comic.pstatic.net/webtoon/833416/thumbnail/titledescimage/frontImage_16009a45-2f42-4aff-95fe-072d41338e9a.png,https://comic.naver.com/webtoon/list?titleId=828715&tab=tue
화,김부장,"박만사, 남자의 이야기 / 정종택",9.64,https://image-comic.pstatic.net/webtoon/821597/thumbnail/thumbnail_IMAG21_78e9abac-677f-4127-9914-93cf45cab47a.jpg,https://comic.naver.com/webtoon/list?titleId=783053&tab=tue
화,마음의소리(였던 것),조석,9.95,https://image-comic.pstatic.net/webtoon/841624/thumbnail/thumbnail_IMAG21_154d7538-16dc-4aef-acb4-60d31e2834c8.jpg,https://comic.naver.com/webtoon/list?titleId=821793&tab=tue
화,신입사원 김철수,스튜디오MW / 오정,9.69,https://image-comic.pstatic.net/webtoon/828715/thumbnail/thumbnail_IMAG21_8957548a-2eb2-4ddf-a50e-dbc7fddc16a7.jpg,https://comic.naver.com/webtoon/list?titleId=812594&tab=tue
화,우렉 마지노,SIU,8.92,https://image-comic.pstatic.net/webtoon/783053/thumbnail/thumbnail_IMAG21_1135578a-87ec-48ba-b2c5-c7b93b21f91c.jpg,https://comic.naver.com/webtoon/list?titleId=838432&tab=tue
화,44교시 생존수업,상C,9.91,https://image-comic.pstatic.net/webtoon/821793/thumbnail/thumbnail_IMAG21_c5c798a7-dadf-487b-9bea-485928755332.jpg,https://comic.naver.com/webtoon/list?titleId=836848&tab=tue
화,회귀한 용병은 다 계획이 있다,골드행 / 박진석,9.94,https://image-comic.pstatic.net/webtoon/812594/thumbnail/thumbnail_IMAG21_d524ca40-2d86-4946-b13f-53d42cbd1cba.jpg,https://comic.naver.com/webtoon/list?titleId=832557&tab=tue
화,포그랜드,POGO,9.91,https://image-comic.pstatic.net/webtoon/838432/thumbnail/thumbnail_IMAG21_c9ea8921-d3e1-40ac-b730-ea91b7bfc4a4.jpg,https://comic.naver.com/webtoon/list?titleId=843116&tab=tue
수,전지적 독자 시점,UMI / 슬리피-C / 싱숑,9.95,https://image-comic.pstatic.net/webtoon/834502/thumbnail/titledescimage/objectImage_543ef103-3edc-4cbf-86d4-a31c95e9e1dc.png,https://comic.naver.com/webtoon/list?titleId=747269&tab=wed
수,종말이 찾아왔다,전선욱,9.82,https://image-comic.pstatic.net/webtoon/834502/thumbnail/titledescimage/frontImage_d18fca09-d323-4009-8bb7-b97687e5b1e7.png,https://comic.naver.com/webtoon/list?titleId=838002&tab=wed
수,"울어 봐, 빌어도 좋고",반지 / 솔체,9.94,https://image-comic.pstatic.net/webtoon/841087/thumbnail/titledescimage/objectImage_e36bf9ac-ce3f-416f-a824-d150896d8906.png,https://comic.naver.com/webtoon/list?titleId=814826&tab=wed
수,마음의소리(였던 것),조석,9.95,https://image-comic.pstatic.net/webtoon/841087/thumbnail/titledescimage/frontImage_91f029f9-82a8-44c4-b7a3-3af25b9a5e8d.png,https://comic.naver.com/webtoon/list?titleId=821793&tab=wed
수,무직백수 계백순,지발,9.86,https://image-comic.pstatic.net/webtoon/747269/thumbnail/thumbnail_IMAG21_aabd9952-ff45-47a2-a543-33f19a5c6708.jpg,https://comic.naver.com/webtoon/list?titleId=811721&tab=wed
수,운명을 보는 회사원,영완(映完) / 임성욱,9.95,https://image-comic.pstatic.net/webtoon/838002/thumbnail/thumbnail_IMAG21_aee939b2-2d3c-445f-a7d8-82414f4f9482.jpg,https://comic.naver.com/webtoon/list?titleId=797443&tab=wed
수,썰:관계주의,이삼 / 장버들,9.93,https://image-comic.pstatic.net/webtoon/814826/thumbnail/thumbnail_IMAG21_b2235fb8-5ea0-4ac9-b0dd-4078edbba634.jpg,https://comic.naver.com/webtoon/list?titleId=834033&tab=wed
수,쌉초의 난,쌉초,9.98,https://image-comic.pstatic.net/webtoon/821793/thumbnail/thumbnail_IMAG21_c5c798a7-dadf-487b-9bea-485928755332.jpg,https://comic.naver.com/webtoon/list?titleId=823195&tab=wed
수,일렉시드,손제호 / 제나,9.84,https://image-comic.pstatic.net/webtoon/811721/thumbnail/thumbnail_IMAG21_5e1f571d-1c76-4b2a-b8b1-742865ab82f9.jpg,https://comic.naver.com/webtoon/list?titleId=717481&tab=wed
수,중대장은 실망했다,이량,9.91,https://image-comic.pstatic.net/webtoon/797443/thumbnail/thumbnail_IMAG21_f1856c97-c511-4147-a438-a26aab98ef8a.jpg,https://comic.naver.com/webtoon/list?titleId=841639&tab=wed
목,만남어플 중독,루즌아,9.84,https://image-comic.pstatic.net/webtoon/839582/thumbnail/titledescimage/objectImage_d83702d9-3916-493c-8590-e49a784f9f5c.png,https://comic.naver.com/webtoon/list?titleId=839004&tab=thu
목,나노마신,현절무 / 금강불괴 / 한중월야,9.82,https://image-comic.pstatic.net/webtoon/839582/thumbnail/titledescimage/backImage_1d245dc3-4bd0-4369-b9ae-7685a90eafc1.png,https://comic.naver.com/webtoon/list?titleId=747271&tab=thu
목,육아일기,자까,9.96,https://image-comic.pstatic.net/webtoon/839582/thumbnail/titledescimage/frontImage_e27d4615-5975-404b-8198-f9f367471ecb.png,https://comic.naver.com/webtoon/list?titleId=812354&tab=thu
목,마흔 즈음에,서쿤스,9.91,https://image-comic.pstatic.net/webtoon/817631/thumbnail/titledescimage/objectImage_01790790-3326-499f-8fca-eae45af56161.png,https://comic.naver.com/webtoon/list?titleId=836052&tab=thu
목,재벌집 막내아들,JP / 김병관 / 산경(山景),9.97,https://image-comic.pstatic.net/webtoon/817631/thumbnail/titledescimage/backImage_a85109c3-0e71-4224-bcb3-8a66e5cbe6d1.png,https://comic.naver.com/webtoon/list?titleId=800770&tab=thu
목,별 거 아니겠지,쥐망,9.92,https://image-comic.pstatic.net/webtoon/817631/thumbnail/titledescimage/frontImage_1eea8d42-e927-4470-9c94-9e59bd4b62ae.png,https://comic.naver.com/webtoon/list?titleId=839544&tab=thu
목,천마육성,광휘 / 조형근,9.91,https://image-comic.pstatic.net/webtoon/839004/thumbnail/thumbnail_IMAG21_258e9101-6b52-49a2-bcaa-6f90f540624f.jpg,https://comic.naver.com/webtoon/list?titleId=776255&tab=thu
목,마음의소리(였던 것),조석,9.95,https://image-comic.pstatic.net/webtoon/747271/thumbnail/thumbnail_IMAG21_d46b4a69-6de0-41be-b368-ce5e74ab8f76.jpg,https://comic.naver.com/webtoon/list?titleId=821793&tab=thu
목,무사만리행,운 / 배민기,9.92,https://image-comic.pstatic.net/webtoon/812354/thumbnail/thumbnail_IMAG21_c20b50b3-8cbd-4f14-a8f8-5a67e5cacea0.jpg,https://comic.naver.com/webtoon/list?titleId=746857&tab=thu
목,게임 속 바바리안으로 살아남기,팀 더 지크 / MIDNIGHT STUDIO / 정윤강,9.97,https://image-comic.pstatic.net/webtoon/836052/thumbnail/thumbnail_IMAG21_b475b1ef-5d2a-4afe-a1b4-5b3c6cc577f7.jpg,https://comic.naver.com/webtoon/list?titleId=808482&tab=thu
금,오! 나의 교주님,"김꿀빨, 김완두",8.85,https://image-comic.pstatic.net/webtoon/822557/thumbnail/titledescimage/objectImage_92a83c5d-9108-40e7-8432-7a0c34a0bc31.png,https://comic.naver.com/webtoon/list?titleId=841624&tab=fri
금,광마회귀,JP / 이히 / 유진성,9.97,https://image-comic.pstatic.net/webtoon/822557/thumbnail/titledescimage/frontImage_d43670e2-ac0a-4cbc-9c05-b2d3591bec26.png,https://comic.naver.com/webtoon/list?titleId=776601&tab=fri
금,역대급 영지 설계사,이현민 / 김현수 / 문백경,9.98,https://image-comic.pstatic.net/webtoon/758675/thumbnail/titledescimage/objectImage_a49ac1cf-0479-455e-ad89-ce3f1a5cfb25.png,https://comic.naver.com/webtoon/list?titleId=777767&tab=fri
금,나 혼자 만렙 뉴비,WAN.Z / 스윙뱃 / 메슬로우,9.94,https://image-comic.pstatic.net/webtoon/758675/thumbnail/titledescimage/backImage_db19e144-2d5c-4cd6-a183-5331b01c3936.png,https://comic.naver.com/webtoon/list?titleId=773797&tab=fri
금,외모지상주의,박태준,9.43,https://image-comic.pstatic.net/webtoon/758675/thumbnail/titledescimage/frontImage_bd670450-1bda-45e3-aadf-3c9a92bcac0c.png,https://comic.naver.com/webtoon/list?titleId=641253&tab=fri
금,마음의소리(였던 것),조석,9.95,https://image-comic.pstatic.net/webtoon/841624/thumbnail/thumbnail_IMAG21_154d7538-16dc-4aef-acb4-60d31e2834c8.jpg,https://comic.naver.com/webtoon/list?titleId=821793&tab=fri
금,재혼 황후,히어리 / 숨풀 / 알파타르트,9.96,https://image-comic.pstatic.net/webtoon/776601/thumbnail/thumbnail_IMAG21_7365135131254864183.jpg,https://comic.naver.com/webtoon/list?titleId=735661&tab=fri
금,상남자,하늘소 / 도가도 / 김태궁,9.97,https://image-comic.pstatic.net/webtoon/777767/thumbnail/thumbnail_IMAG21_cc85f891-272b-450a-b642-cffe1568ab71.jpg,https://comic.naver.com/webtoon/list?titleId=751168&tab=fri
금,네가 사는 그 집,석우 / 해바다,9.88,https://image-comic.pstatic.net/webtoon/773797/thumbnail/thumbnail_IMAG21_37c6a85a-d3a6-4afc-909a-420973f63019.jpg,https://comic.naver.com/webtoon/list?titleId=842465&tab=fri
금,천하제일 대사형,YooN / 북미혼,9.92,https://image-comic.pstatic.net/webtoon/641253/thumbnail/thumbnail_IMAG21_01672165-03c8-44b1-ba0e-ef82c9cfcd10.jpg,https://comic.naver.com/webtoon/list?titleId=802278&tab=fri
토,개꿈,신송림,9.76,https://image-comic.pstatic.net/webtoon/746833/thumbnail/titledescimage/objectImage_241a9c36-57df-4c52-b595-d5ade907d1e3.png,https://comic.naver.com/webtoon/list?titleId=818791&tab=sat
토,호랑이형님,이상규,9.88,https://image-comic.pstatic.net/webtoon/746833/thumbnail/titledescimage/frontImage_4c37a1e4-cfbc-40f1-8f79-cbfb5fa9f1d1.png,https://comic.naver.com/webtoon/list?titleId=650305&tab=sat
토,시든 꽃에 눈물을,개,9.96,https://image-comic.pstatic.net/webtoon/832562/thumbnail/titledescimage/objectImage_b0380c10-be3f-4dca-8720-c8042e76f575.png,https://comic.naver.com/webtoon/list?titleId=827190&tab=sat
토,마도전생기,포스스튜디오 / codezero,9.92,https://image-comic.pstatic.net/webtoon/832562/thumbnail/titledescimage/backImage_5aecc70a-c8d4-4661-86be-d210ddd3d6c3.png,https://comic.naver.com/webtoon/list?titleId=807777&tab=sat
토,절대군림,박시대 / 장영훈,9.95,https://image-comic.pstatic.net/webtoon/832562/thumbnail/titledescimage/frontImage_83471979-98c9-4a99-94fe-e9649c72d0df.png,https://comic.naver.com/webtoon/list?titleId=832677&tab=sat
토,초인의 시대,섭이,9.90,https://image-comic.pstatic.net/webtoon/818791/thumbnail/thumbnail_IMAG21_a613db8b-8319-4bfe-8971-1df89f4df979.jpg,https://comic.naver.com/webtoon/list?titleId=730694&tab=sat
토,쌉초의 난,쌉초,9.98,https://image-comic.pstatic.net/webtoon/650305/thumbnail/thumbnail_IMAG21_9e070729-5990-4653-90dd-1158847c1c68.jpg,https://comic.naver.com/webtoon/list?titleId=823195&tab=sat
토,중대장은 실망했다,이량,9.91,https://image-comic.pstatic.net/webtoon/827190/thumbnail/thumbnail_IMAG21_ce05e060-9420-4494-a004-278f90e8dde9.jpg,https://comic.naver.com/webtoon/list?titleId=841639&tab=sat
토,오늘만 사는 기사,"이현민, 가나라 / 이안 / 소울풍",9.98,https://image-comic.pstatic.net/webtoon/807777/thumbnail/thumbnail_IMAG21_e47489ea-bf97-4726-a8e7-6403092a303a.jpg,https://comic.naver.com/webtoon/list?titleId=824543&tab=sat
토,작전명 순정,꼬까리 / 들덤,9.90,https://image-comic.pstatic.net/webtoon/832677/thumbnail/thumbnail_IMAG21_9d858839-175e-45bb-bfc3-d9ed208c2f7d.jpg,https://comic.naver.com/webtoon/list?titleId=793275&tab=sat
일,육아일기,자까,9.96,https://image-comic.pstatic.net/webtoon/797155/thumbnail/titledescimage/objectImage_c788dda5-b0ab-4eae-b601-7b4e2c9a28db.png,https://comic.naver.com/webtoon/list?titleId=812354&tab=sun
일,입학용병,YC / 락현,9.90,https://image-comic.pstatic.net/webtoon/797155/thumbnail/titledescimage/backImage_da794b0f-efff-4d47-b930-442d4e83c69a.png,https://comic.naver.com/webtoon/list?titleId=758150&tab=sun
일,무직백수 계백순,지발,9.86,https://image-comic.pstatic.net/webtoon/797155/thumbnail/titledescimage/frontImage_05a914b0-5715-4728-a336-ee558cf15e41.png,https://comic.naver.com/webtoon/list?titleId=811721&tab=sun
일,2회차 환관이 남성을 되찾음,LICO / 포스스튜디오 / 노빠꾸맨,9.87,https://image-comic.pstatic.net/webtoon/836948/thumbnail/titledescimage/objectImage_1db028ef-3eab-4374-b267-5817a4b442c1.png,https://comic.naver.com/webtoon/list?titleId=832566&tab=sun
일,기기괴괴2,오성대,9.85,https://image-comic.pstatic.net/webtoon/836948/thumbnail/titledescimage/frontImage_c4edb741-a481-4e59-9a3b-971855a02aeb.png,https://comic.naver.com/webtoon/list?titleId=821851&tab=sun
일,무조건 이혼한다,모닥불,9.61,https://image-comic.pstatic.net/webtoon/812354/thumbnail/thumbnail_IMAG21_c20b50b3-8cbd-4f14-a8f8-5a67e5cacea0.jpg,https://comic.naver.com/webtoon/list?titleId=842623&tab=sun
일,천화서고 대공자,128 / MIDNIGHT STUDIO / 김현영,9.95,https://image-comic.pstatic.net/webtoon/758150/thumbnail/thumbnail_IMAG21_4135492154714961716.jpg,https://comic.naver.com/webtoon/list?titleId=805193&tab=sun
일,권왕환생,승투 / 도나스 / 유진성,9.94,https://image-comic.pstatic.net/webtoon/811721/thumbnail/thumbnail_IMAG21_5e1f571d-1c76-4b2a-b8b1-742865ab82f9.jpg,https://comic.naver.com/webtoon/list?titleId=839568&tab=sun
일,개짓,"불사 / MUTE, 서인화 / 김영한",9.89,https://image-comic.pstatic.net/webtoon/832566/thumbnail/thumbnail_IMAG21_dc3db5f7-a4ab-45fe-b261-92f16d3478bc.jpg,https://comic.naver.com/webtoon/list?titleId=833620&tab=sun
일,일타강사 백사부,리메 / 드로우웨이즈 / 간짜장,9.91,https://image-comic.pstatic.net/webtoon/821851/thumbnail/thumbnail_IMAG21_d67261bc-0aea-495c-b92e-07dc2c1785cd.jpg,https://comic.naver.com/webtoon/list?titleId=779632&tab=sun
